5,0,-5.037790482954548,0.31153367613636346,0.4222870803409092,-0.12489620630681829,1.8170816667613652,-0.9773725809659104
5,1,-5.031378564488637,0.3092625549431817,0.44600427040803975,-0.13950952062602284,1.8580538467292618,-1.0053147250437495
5,2,-5.02450676931818,0.3066951191477271,0.47621724920056824,-0.15692034448460218,1.9821733481079546,-1.005434401084546
5,3,-5.017115290909089,0.30382244906249994,0.5100362418471301,-0.1741043645225,2.210026765459374,-0.9647218704073872
5,4,-5.0091165670454565,0.30065406920454535,0.549296327125682,-0.19029428249068178,2.547903515664772,-0.8742379328125
5,5,-5.000393805397731,0.29721105397727293,0.5958707790284087,-0.20455504480526993,2.99700446671875,-0.7265666185882103
5,6,-4.990796236931824,0.29353339471590917,0.6515966720723297,-0.21584769460511374,3.5510015289215913,-0.518189843997727
5,7,-4.9801427713068165,0.28967941957386356,0.7181899281642043,-0.22307036643863648,4.19841515439062,-0.2501628943832386
5,8,-4.968225507954544,0.2857277567045455,0.7970817371264776,-0.22518029932295444,4.921368770171589,0.07054344804090903
5,9,-4.95481351477273,0.2817754950284091,0.889414775334091,-0.22127347508053977,5.6975166281534095,0.43088775896079573
5,10,-4.939659573863637,0.27793491051136376,0.995890547565341,-0.21071860813295462,6.500340598406243,0.8117410681988634
5,11,-4.922503925000001,0.2743291563068181,1.1167770913525565,-0.19325052025539768,7.300645493982671,1.1886491409469315
5,12,-4.903091959090908,0.27108338863636366,1.2518044805375004,-0.16906615876386358,8.068294191556824,1.5334936085090904
5,13,-4.8811690596590935,0.26831835937499976,1.4002163454511365,-0.13888350969815344,8.772899132440346,1.8161530769465912
5,14,-4.856500783522725,0.2661396694886364,1.5607362296068183,-0.10395720920511355,9.386345330904549,2.0069469142159098
5,15,-4.828876723011366,0.26462659076704553,1.7316157857419041,-0.06609997329389208,9.88289105106108,2.0795891566477263
5,16,-4.798122018181818,0.2638239781818182,1.9106514558920458,-0.02756760874327272,10.242174117043188,2.0136673084488668
5,17,-4.764097048011363,0.2637335189488637,2.0953534583892046,0.00902909995759094,10.448630781792609,1.7971705739616501
5,18,-4.726713427840907,0.2643074239204544,2.282957230460228,0.040904282265624994,10.493978169034095,1.4286580452215927
5,19,-4.685931060795454,0.26544601083522706,2.47056423659091,0.06527714310022725,10.37699233803125,0.9185179786065342
5,20,-4.6417604829545445,0.2669972871590909,2.6553082584090917,0.07962427414204545,10.104072127727276,0.2896034913636358
5,21,-4.59426552727273,0.2687653265511365,2.834443476803978,0.08189205700773296,9.689780849431816,-0.42449675689488653
5,22,-4.543560068181817,0.2705169179772727,3.005523112071779,0.07070590687136355,9.155970840965905,-1.1806526855289767
5,23,-4.48979802727273,0.2720002198238634,3.1665248021335226,0.04554124006514199,8.530429684289778,-1.9308593835852266
5,24,-4.433170104545454,0.27295414792045486,3.3159538400909123,0.006772878460795443,7.846289160795454,-2.625157783074999
5,25,-4.373889865056818,0.2731325941761363,3.4529244289772776,-0.044291442089133576,7.139238319247155,-3.2175735389346602
5,26,-4.312187122159085,0.2723199236090913,3.577236513863639,-0.10550372407363637,6.444679824556815,-3.670469641428407
5,27,-4.2482864900568185,0.27034135841772716,3.689290060880683,-0.1741189278107955,5.7954835895738634,-3.957533718901135
5,28,-4.182404946590913,0.26707969802954534,3.790082921818182,-0.24697157602386374,5.218722064545454,-4.067307129068184
5,29,-4.114739408238636,0.26247668916193195,3.88107855190341,-0.32078460555744903,4.733720473784089,-4.003021019926133
5,30,-4.045455849431816,0.2565341685511365,3.964002530113635,-0.39246125573011387,4.350309361448863,-3.781459469806816
5,31,-3.9746875122159095,0.2493084501221591,4.040731867727271,-0.4592875332417616,4.06876127792614,-3.430221553809916
5,32,-3.902535835227272,0.2409025726022727,4.113055370454545,-0.5191412276897727,3.8804409983636394,-2.9834217713090876
5,33,-3.8290680403409088,0.23145162713119338,4.18255719772727,-0.5705351236789776,3.7696731874232956,-2.4775208307869296
5,34,-3.754328188636359,0.22111490223954544,4.2504926749999985,-0.6126643770455115,3.7162590392727255,-1.9471026482102274
5,35,-3.678338670454545,0.21005985263991472,4.31772575142045,-0.6452998953125,3.6983097527159057,-1.4215085692102263
5,36,-3.601110281818183,0.19845522756931827,4.384735610227269,-0.6686991963863632,3.6948203945909075,-0.9229271939590913
5,37,-3.5226474792613662,0.18646254241582366,4.4516311579545444,-0.6834406115386364,3.687367302062502,-0.46582360849147714
5,38,-3.4429568994318185,0.1742325776152841,4.518241036931817,-0.690320460943182,3.6615235525852268,-0.057265644444886514
5,39,-3.3620492931818187,0.16190144685511376,4.5841517892045465,-0.6901962696193179,3.606872423068182,0.3016858959772727
5,40,-3.2799418125,0.1495903921249999,4.648824857954541,-0.6839073805113632,3.5166183544318184,0.6144262909886365
5,41,-3.1966629477272717,0.1374080239090909,4.711593840340908,-0.6722262529488635,3.3870000495056853,0.8875441944505678
5,42,-3.11225375284091,0.1254487034992046,4.771762749431818,-0.6557990715403406,3.216591240839774,1.129563133690568
5,43,-3.0267666269886364,0.11379728338673295,4.8286031539772685,-0.6351151542113634,3.0053659799062498,1.350163449121023
5,44,-2.9402674022727266,0.10253098644181816,4.88138557159091,-0.6104935074715907,2.754230583465907,1.5594926176034092
5,45,-2.852834511363637,0.09172175611730111,4.929396616477272,-0.5820712844789776,2.4646699026278394,1.7673440984815343
5,46,-2.7645602477272724,0.08144014467914774,4.971948194318183,-0.5498186590590911,2.138212455272726,1.9823909024443191
5,47,-2.6755487474431816,0.07175813638627557,5.008375188636365,-0.5135540219146023,1.7761970414073858,2.211211221464489
5,48,-2.5859173852272734,0.06275256577439774,5.038029509090909,-0.47299267709056847,1.3795996726477262,2.457472063139545
5,49,-2.4957946411931826,0.05450311597951706,5.06030117982955,-0.42782811241022695,0.9491222367187496,2.720983878368749
5,50,-2.4053186505681823,0.04710138347272726,5.074530610795456,-0.377732583366477,0.48496675438920395,2.997875078494319
5,51,-2.314644350426137,0.04063271863392046,5.08017499318182,-0.3225725279846877,-0.011998915261363813,3.279562925554831
5,52,-2.2239310423863636,0.03519849539715906,5.076569811363637,-0.26228357883068154,-0.5408893500971598,3.554214231522724
5,53,-2.133353479090909,0.03088569627440625,5.0632000582386345,-0.19714183885823858,-1.0989821662849435,3.8064792904204525
5,54,-2.0430948061363625,0.027783189599000006,5.039531288068182,-0.12766414169960225,-1.6818699465340907,4.018725603011368
5,55,-1.95334613622159,0.02596337176534093,5.0051626732954535,-0.05472481040965896,-2.282344263894886,4.172300996732954
5,56,-1.864306630454545,0.025481375093835235,4.959835938636362,0.020465094997727404,-2.8901999310022735,4.248631874556818
5,57,-1.776178396931818,0.026366969811857946,4.903504284090915,0.09635584709386374,-3.492176158340909,4.230658576221589
5,58,-1.6891634279545469,0.028618775255284088,4.836385564772727,0.17110213717392064,-4.072628120340908,4.104203178647726
5,59,-1.603455984886363,0.03219917755448864,4.759003762215905,0.24262605942338064,-4.614986019811362,3.8593389829985756
5,60,-1.5192370477272719,0.037030033660795464,4.67219921022727,0.3087130909659092,-5.103517614772731,3.4920027385795462
5,61,-1.4366727201988636,0.042992531179318144,4.577064886079545,0.3671128726306819,-5.525642395579544,3.0055119876846588
5,62,-1.3559045792045452,0.0499263027922159,4.474913760795454,0.4157157574562502,-5.8739527980384105,2.411885989227273
5,63,-1.2770468832102269,0.05763273641849434,4.367119612215907,0.452719884491477,-6.148004491551135,1.73325016155909
5,64,-1.20019028625,0.06588459310375004,4.254991145454545,0.4768300808465908,-6.3555274102954575,1.0016541726181805
5,65,-1.1254046417613646,0.07443705369502841,4.139601529829543,0.4874419180198865,-6.511386735369317,0.257990998992471
5,66,-1.0527400060795449,0.08304176762559654,4.021681133750002,0.4847969308806816,-6.637158954863639,-0.45079151005022583
5,67,-0.9822415738636363,0.09146512083782675,3.901505948607952,0.4700559293576702,-6.757775693335232,-1.0756244627801133
5,68,-0.9139508931818182,0.0995054575436705,3.7788680975000006,0.44529176090340916,-6.898961995113635,-1.5705624604204547
5,69,-0.8479249776704542,0.10700981205065338,3.6531290940340884,0.4133303660144886,-7.083062756079545,-1.8977908248727267
5,70,-0.7842323886363635,0.11388542815056812,3.523313677840909,0.3775725104545456,-7.326375204545456,-2.0322373028124994
5,71,-0.7229652453778408,0.12010720816647735,3.3882795160227257,0.3416713938227272,-7.636450332335223,-1.9647736851312496
5,72,-0.6642355646477275,0.1257165829952273,3.2468739206818187,0.30923218018750026,-8.010997551136363,-1.7034191368522726
5,73,-0.6081728423181824,0.13081691087784086,3.0981659026136357,0.28347659939375036,-8.437874296306822,-1.2733252076940345
5,74,-0.5549172670568183,0.13556240962499994,2.9415575617045464,0.2669800021460227,-8.896587123295449,-0.7146503396028397
5,75,-0.5046124072443182,0.14014110319602266,2.7769124399857947,0.2614393293465909,-9.360298583522725,-0.0789402398508522
5,76,-0.45739039304545465,0.1447593829431817,2.6046533939545444,0.26752992302159107,-9.798316449999996,0.574583510757953
5,77,-0.41337139714204557,0.14962263464034106,2.425734785971307,0.28486729782329534,-10.179188069034094,1.1842944573309655
5,78,-0.37264677364772736,0.154915384705682,2.2416033683465924,0.31203093913920443,-10.473784674431819,1.6915595789232931
5,79,-0.3352747387443182,0.1607862590596591,2.0541611942215905,0.346636815312216,-10.65735517076704,2.0456896835710254
5,80,-0.30127614676136366,0.16733489227272727,1.8656237063749999,0.38556503852045493,-10.71181824232955,2.208386580738638
5,81,-0.27062977625568185,0.17459816693465893,1.6783729543863648,0.42521400953865934,-10.627625456761368,2.1585292028352265
5,82,-0.24327129415909096,0.18254901359659084,1.4948445706079547,0.46178534058238657,-10.403220104284088,1.8937372451931822
5,83,-0.21909503605397704,0.19109500408806818,1.3173741939784094,0.49165354987727256,-10.04542628647443,1.431451074000567
5,84,-0.197960145102273,0.20008330440909072,1.148060697943181,0.5116677156264777,-9.567888136931815,0.8077558006829544
5,85,-0.1796936877698863,0.20931462919034088,0.9887118271164778,0.5194555230295452,-8.989403444607962,0.07378384268465876
5,86,-0.16409469948295455,0.21855604767613623,0.8407231719204545,0.5136715990499998,-8.33175609444318,-0.708744431831648
5,87,-0.15094729493465897,0.22756239670738657,0.7051036547718754,0.49407210252094597,-7.61747805661079,-1.4740270903519888
5,88,-0.14002432591136363,0.2360946598863638,0.5824975844438631,0.46156028927954496,-6.868250960323871,-2.15849365204432
5,89,-0.13108962129147736,0.243939928522727,0.47316954874897715,0.4180969118815336,-6.103761256451704,-2.7073813737727264
5,90,-0.1239098260852273,0.25092929034090894,0.3770821040198866,0.3664828953480113,-5.340386506505681,-3.080582167812501
5,91,-0.11825787913693184,0.2569470880113636,0.29398045071590895,0.31004714582161896,-4.5920397008678995,-3.2559850566818183
5,92,-0.11391105222954545,0.2619405789772726,0.22339304329545476,0.2523391517448863,-3.8705627498522714,-3.232099602111366
5,93,-0.11066084622045459,0.2659187294602272,0.16470758220710224,0.196739891736446,-3.1863803515017057,-3.0273130649343742
5,94,-0.1083090436306818,0.2689477031250001,0.11714057775795457,0.1461522449693181,-2.549516124681251,-2.677642681184659
5,95,-0.10667406905681814,0.2711371115056816,0.07977927699517058,0.10272078925157672,-1.9702289529644887,-2.231129537708807
5,96,-0.10559075193295452,0.27262845727272733,0.05154266200295455,0.06766478238397731,-1.4584128874468183,-1.7422164325784102
5,97,-0.10491444397840904,0.27357451761363644,0.031215137912829524,0.04125376649358523,-1.0232220587312504,-1.2637020010797153
5,98,-0.10452205362499992,0.2741259528977271,0.017443165707102266,0.022870809033960212,-0.6709776935318176,-0.840102604053408
5,99,-0.10431468668863643,0.2744144376136363,0.008816671361644888,0.011259856835596575,-0.40383104152642046,-0.5018798666788066
5,100,-0.10421649559659084,0.2745474034090909,0.004438987289772728,0.005361282284687501,-0.2097220968437499,-0.2524956071875002
7,0,-7.102842618181814,0.3077831236363639,0.553047561527273,-0.1322650712363637,2.2358688419854547,-1.1017909968000006
7,1,-7.092586546909091,0.30495444112727277,0.588256422127636,-0.15077360236640003,2.2103978133962547,-1.0544666535837088
7,2,-7.081551216727268,0.30171808754909074,0.6308754802029819,-0.17039538268496007,2.329880795172219,-0.937049465078545
7,3,-7.069643759999997,0.29812046995636354,0.6786490511997817,-0.18683044855410902,2.623023698539271,-0.7382571469178184
7,4,-7.056706478545455,0.2942414257454547,0.7351602818516361,-0.1984516978843636,3.092462405744001,-0.45834411128727254
7,5,-7.042505350909089,0.29019472260363643,0.8037969710945455,-0.20369496267709092,3.72261504830909,-0.10647686788545474
7,6,-7.026746328000004,0.2861206977963638,0.8874347346049457,-0.2012733000911273,4.481928843700364,0.29929837978181845
7,7,-7.0090836469090885,0.2821851930036363,0.9881611671520004,-0.19030252746618193,5.32691324922546,0.731759111805091
7,8,-6.989141172363635,0.27856623726545465,1.1070596681192728,-0.17052057219054553,6.207194382909091,1.1563372809745458
7,9,-6.9665359218181795,0.27544125326618185,1.244199608120654,-0.14238395476385451,7.071344342061814,1.533889877094545
7,10,-6.940892650909091,0.27297452490036367,1.3986746533599992,-0.10714153041236366,7.870874828952719,1.823893188581818
7,11,-6.911869109818189,0.27129864629090916,1.5686669999032734,-0.06688357396072728,8.56395290747637,1.9889117198101829
7,12,-6.879160353454544,0.2704986890763637,1.751711297863564,-0.024389341709963635,9.118135788465452,1.9987871985745456
7,13,-6.842523847999996,0.27059606153454546,1.9447863117519997,0.016982442479636376,9.511619984007272,1.8351622240545449
7,14,-6.801772032727276,0.27154200620218144,2.1445969703407277,0.053606246514109106,9.73256436572582,1.4939321928799985
7,15,-6.7567887981818195,0.27320889896363637,2.3477030956963634,0.08188748973836356,9.7794430468,0.9874045297527273
7,16,-6.707525124363642,0.27540011572363643,2.5507239904567274,0.09859308868884366,9.65878911287273,0.3429237234778177
7,17,-6.65399792654545,0.2778546795185454,2.7504550002759975,0.10116942026076368,9.38442079152726,-0.39872044836727316
7,18,-6.596282567272731,0.280265761594182,2.9439792672872724,0.08794650847200002,8.975770715490917,-1.1873439295810917
7,19,-6.53451129309091,0.28229919677818177,3.128740978523635,0.058296697727781864,8.457274465599998,-1.9679075432272735
7,20,-6.468866080000003,0.2836169823272725,3.3026658802909123,0.012727519512727277,7.8578232400000045,-2.6860589029090916
7,21,-6.399573720000004,0.2838931474458182,3.4641928431236364,-0.04718922746436363,7.210784250938178,-3.2923383455563617
7,22,-6.326889473454546,0.2828396964203638,3.6124180242836346,-0.11893788584152727,6.552170284654545,-3.748070105606548
7,23,-6.251088570181818,0.2802235379490908,3.74716611018909,-0.1992829778025818,5.919242691683634,-4.028869676116364
7,24,-6.17245240145455,0.27587923042909085,3.869044741847273,-0.28455667399854534,5.347015349864727,-4.1269319535214555
7,25,-6.091246954545452,0.2697184603999998,3.979410188363637,-0.3709988142454547,4.864471223999999,-4.051672070090909
7,26,-6.007709943272727,0.261732573890909,4.0802394022545485,-0.4551165063716363,4.490132748363635,-3.827601368800001
7,27,-5.92203183818182,0.2519801009040001,4.173859205699639,-0.5339582453905458,4.23060487621818,-3.4897995758461806
7,28,-5.834354287999998,0.24058348450909112,4.262695936445093,-0.6053600450763632,4.078681216000002,-3.0792248266181814
7,29,-5.7447662301818205,0.22770599073036352,4.348947046419635,-0.6680025981170913,4.016159052429089,-2.636424910363635
7,30,-5.653311203636366,0.21353624029818175,4.43436470578182,-0.7214077345818185,4.017304448509091,-2.1965867015418166
7,31,-5.5599984669090885,0.19826858862469082,4.520106436661816,-0.7658061807345449,4.053611655534548,-1.786072116612363
7,32,-5.464816520727274,0.18209066099243637,4.606708132858181,-0.8019506511665456,4.098163990545452,-1.420433316558545
7,33,-5.367747446909094,0.16516897956109095,4.694162307039999,-0.8308554522909086,4.1290765460436365,-1.1044151313352726
7,34,-5.268776442181819,0.1476479507407273,4.78204532408727,-0.8535706203054544,4.130791305025452,-0.8337000132130901
7,35,-5.167899767272728,0.12964879305781807,4.869653728909093,-0.870981312432727,4.094488482145453,-0.5972030030363636
7,36,-5.065131008000002,0.11127672507621814,4.956144377498184,-0.8836647864436371,4.017272093963637,-0.38036902046545434
7,37,-4.960501229090909,0.09262860407963634,5.040658183512726,-0.8918395567128733,3.9009865378545436,-0.16823070342763624
7,38,-4.854061728727269,0.07380202085789091,5.122407989483636,-0.8954052896625454,3.7504983200290902,0.052158911786181685
7,39,-4.7458772850909074,0.05490221616523633,5.200717127025454,-0.8940109193090909,3.5724590891927273,0.29009177592109103
7,40,-4.636027010909088,0.03604536161818184,5.27505324,-0.8871766055272731,3.3740270864000013,0.5504532601090911
7,41,-4.524601040727273,0.01735912479498182,5.3450262525818175,-0.8744006610858178,3.1622461034814537,0.8340477686390914
7,42,-4.411696596363638,-0.0010189058043636513,5.410394978036363,-0.8552385909527274,2.943434948967272,1.1382809495839994
7,43,-4.2974144894545425,-0.01894400048496004,5.471039786545451,-0.829348918472727,2.722424866864724,1.4578410259403636
7,44,-4.181859768727275,-0.03626805493207274,5.526946719141821,-0.7965226595403645,2.501831189076367,1.7853780014109084
7,45,-4.06513424727273,-0.052840847794727225,5.578148649963639,-0.7566960683490905,2.281471024834546,2.112216202181818
7,46,-3.947337989818185,-0.06851144823538904,5.624669971490908,-0.7099534179607269,2.0584786762618195,2.42904780285818
7,47,-3.8285713258181824,-0.08313153885418177,5.666455007490908,-0.6565470644025447,1.828198892207854,2.7268393121109087
7,48,-3.7089339563636345,-0.09655555866443633,5.703331736436364,-0.5969033494414544,1.585445916116363,2.997274420654547
7,49,-3.588530672727271,-0.10864695794872718,5.734997326400003,-0.5316431084727273,1.3256288929119997,3.233093084058181
7,50,-3.46747169090909,-0.11928299599454549,5.761036763636364,-0.4615888297454541,1.0452472857927264,3.428607601818181
7,51,-3.34588387309091,-0.12836876085905458,5.780945430909089,-0.3877576475841454,0.7415738382928738,3.5807876632727265
7,52,-3.2239026109090907,-0.1358299245987201,5.794117818181821,-0.3112215624814549,0.4119912739607269,3.6899705860363614
7,53,-3.101684601090907,-0.14162720241061827,5.7998831738181815,-0.23301231723349092,0.05393034347272712,3.7607046134545445
7,54,-2.97940524290909,-0.14574526332407275,5.797520404363637,-0.15395402297163627,-0.33513232587338226,3.8005453381818195
7,55,-2.857258196727273,-0.1481850738366545,5.786300267272729,-0.07460728437927261,-0.7570370322000002,3.8178777418181795
7,56,-2.7354539986909097,-0.14895336537599996,5.7655002138181795,0.004701729029236431,-1.2131861818298173,3.8197582687999976
7,57,-2.6142162073818174,-0.14805931230549824,5.734443023999999,0.08378568561527278,-1.7043678254909083,3.810987292632727
7,58,-2.4937810721454534,-0.14551226833199996,5.692463639272726,0.1625132135680001,-2.2298028064800013,3.7941979467854527
7,59,-2.3743932850545453,-0.14132138348218176,5.638947212727271,0.2407533834925457,-2.785872399578726,3.7692541070000005
7,60,-2.2563067905454535,-0.13549955736363645,5.573400705454542,0.3183328723941817,-3.3647453025454546,3.7317165318545458
7,61,-2.1397809386181814,-0.12806342161535458,5.495521022545453,0.3949219944981817,-3.954654404250909,3.6705345680581822
7,62,-2.0250776093818184,-0.11903944236581813,5.40530199854546,0.4698841905876364,-4.540485116266184,3.567565343534544
7,63,-1.9124539205090916,-0.10847084176036363,5.303067608727272,0.5421241061719997,-5.10581477596364,3.3991477328436366
7,64,-1.802151288872727,-0.09643048838798547,5.18948665309091,0.610002362996364,-5.635261788654546,3.1401288255229085
7,65,-1.6943982958181818,-0.0830296460152726,5.065505590909089,0.6713202452727277,-6.116293761090908,2.7689217875454557
7,66,-1.5893984561454542,-0.06843502058858186,4.932261630545454,0.7234743807418184,-6.5416009981818215,2.274262334766547
7,67,-1.4873298589454547,-0.052871737632072736,4.790934530181819,0.7637780758981814,-6.909453678036364,1.660824028565455
7,68,-1.388349951272728,-0.03662276763636359,4.642650226909089,0.7898486971199997,-7.223130211200003,0.9522134537623271
7,69,-1.2925946992290922,-0.020017404719054558,4.488373843018182,0.8000641690065455,-7.490142532541815,0.1905946254683637
7,70,-1.200186281963636,-0.0034061773821818047,4.328830754181818,0.793945990456,-7.7205570888363635,-0.5674266455890917
7,71,-1.1112379685381828,0.0128657233905091,4.164534612763638,0.7723621125454548,-7.92459216779636,-1.2574421980033832
7,72,-1.0258565429963638,0.028492584133963623,3.995770295709088,0.7376504784596363,-8.111228376000001,-1.8161304772218196
7,73,-0.9441502128981814,0.04323791925883633,3.822698549789091,0.6933830170654551,-8.28646661990545,-2.190791957221455
7,74,-0.8662233673454542,0.05695708248400001,3.6454680897236376,0.6440223924938179,-8.452846341367273,-2.347482093745453
7,75,-0.7921785707272724,0.06960764958999997,3.4642824677272723,0.5944402985972732,-8.610187546090913,-2.2755353159363625
7,76,-0.7221052408436361,0.08125250899883638,3.279427449003635,0.5493321343400726,-8.756130397498183,-1.9909377878981807
7,77,-0.6560874490036357,0.09204106597381823,3.091366681090908,0.5127182501007274,-8.886908204254555,-1.533563344967272
7,78,-0.594187167090909,0.10219501236727278,2.9006662843127278,0.4874824341665455,-8.998141858930909,-0.9651228332472723
7,79,-0.5364508669672728,0.11197474023163649,2.7080397236218183,0.4750262450801818,-9.084950058909092,-0.3612411952654538
7,80,-0.4828995440727273,0.12165034940509092,2.514306771418183,0.4751172418260363,-9.143353016727271,0.19679888021818204
7,81,-0.43353163331636363,0.13146692818363634,2.320394773698183,0.48585318957527274,-9.170137399796372,0.6327328655218186
7,82,-0.388327225149091,0.14161630036363643,2.1272273476014556,0.5039565150952725,-9.162784897061822,0.8847367265301822
7,83,-0.34723864878181837,0.15221015762581816,1.9357896149781821,0.5251022318618187,-9.120059550021816,0.9135098629490921
7,84,-0.3101961506036362,0.16326675333090906,1.7471246738618178,0.5443859878272002,-9.03933201522909,0.7066592650036364
7,85,-0.27709808385454543,0.17469877496090905,1.5622926047090906,0.5569174080592731,-8.917564936727272,0.2818356317072722
7,86,-0.24781674490181801,0.18631734409090914,1.3823881151658186,0.558418123581091,-8.750878325384004,-0.3141732846036371
7,87,-0.22219451419636368,0.1978471437599998,1.2084126742210903,0.5458817868556364,-8.534103814749093,-1.0095830961767276
7,88,-0.2000540108654544,0.20896264632727277,1.0413114496174547,0.5180608309701822,-8.258659398152728,-1.7179768488480007
7,89,-0.18120122319999998,0.21933356352727273,0.8819802363439998,0.47574541562610917,-7.9107297607345455,-2.352447328485126
7,90,-0.16543810578181822,0.22866893301818164,0.7315471709090912,0.4215014083090909,-7.472274386876363,-2.839129489236363
7,91,-0.15254943683709093,0.23675863939272718,0.5914656317527275,0.3592452028312728,-6.925364667310185,-3.1286033076545454
7,92,-0.14230578801454544,0.24348794520727274,0.46363861667767287,0.29351405526545477,-6.259529656828213,-3.1999322890705453
7,93,-0.13443737930545457,0.24884495469090914,0.35013731594727254,0.22885372814574542,-5.479996146078545,-3.061134104851636
7,94,-0.12863888182400002,0.2529061192727272,0.25286450591236354,0.16923117485418185,-4.611641974729367,-2.744637693362911
7,95,-0.12457165542036361,0.2558167180000002,0.17308509789000004,0.11769065743618189,-3.6989850863818177,-2.301359281034547
7,96,-0.12188243448581816,0.2577697768727271,0.1110419860049455,0.076084586372509,-2.799418773498182,-1.793251017713454
7,97,-0.12022747707636362,0.25897928247272706,0.06580534224556724,0.04499842250901814,-1.9738253183431276,-1.284238025798907
7,98,-0.11929444109090905,0.2596572274181817,0.03530232022036366,0.02380950356981092,-1.2746542957658193,-0.8307674457221814
7,99,-0.11882407710181819,0.2599921785090909,0.016657020918414537,0.01091131751057091,-0.7356996836389086,-0.4727606553044367
7,100,-0.11861864836363635,0.26013294909090906,0.007505606404618182,0.004673332740000002,-0.35362257112727263,-0.21971477764000003
9,0,-8.94611904458598,0.2896495570063695,0.910516727420382,-0.18481887707388536,3.653689699331208,-0.7398825902866246
9,1,-8.927148867436644,0.28546720269225195,0.9770207286320696,-0.19566226157751282,3.5572786567914565,-0.4766394021863173
9,2,-8.906547032596977,0.2810899741731371,1.054103728245085,-0.20196563498115028,3.6393358445867294,-0.18696839878676857
9,3,-8.884193838915802,0.27667102288262924,1.1368548041285254,-0.20151013553899091,3.927788244579477,0.10397424563893595
9,4,-8.859887119831372,0.27236081759282516,1.2295446190894253,-0.19468148315989894,4.4115722430306485,0.367867278642961
9,5,-8.833334856593517,0.2682938566570988,1.3359126152852139,-0.1824592768342764,5.055452882577495,0.5780611068679177
9,6,-8.80418246987297,0.2645731688477932,1.4586753494617892,-0.16638000028968253,5.806400894551438,0.7127009325250154
9,7,-8.772030026815159,0.261262304264539,1.5992677658020293,-0.1483522755869873,6.600995699942633,0.7564165301878893
9,8,-8.736465483205924,0.2583779612652785,1.7577496825939012,-0.13050405963578746,7.374061293564676,0.7016285881481814
9,9,-8.697094189974862,0.25589004948719024,1.9328584210219717,-0.11500151494075285,8.065375614227424,0.54842374415921
9,10,-8.653561111638458,0.25372388456162925,2.12220171174605,-0.10388074313252683,8.625155429879811,0.30377780396093323
9,11,-8.605575766996926,0.25176195477582675,2.322475861128699,-0.09897101714453786,9.018231510867032,-0.01948188654909657
9,12,-8.552921948362588,0.2498557084464289,2.5298486236322253,-0.10178395011812198,9.225695151910434,-0.40542256704266666
9,13,-8.49547170207879,0.24782542083206083,2.7402363061085007,-0.11350797992739103,9.24461593404043,-0.8355861667619994
9,14,-8.433186446228284,0.2454704169434073,2.9496397105005867,-0.13495645654729985,9.08665315757192,-1.2911262177334786
9,15,-8.3661097019444,0.24257225165554092,3.154386715121573,-0.166647388691066,8.774499564061447,-1.7529391136001518
9,16,-8.294363267422261,0.23889981036093028,3.351323849511691,-0.20871242840248952,8.339400116347152,-2.2015656356278432
9,17,-8.218134574576373,0.23421805914773322,3.5379862761377314,-0.2609076750563856,7.817041206006214,-2.617189374957121
9,18,-8.137665991536892,0.22829344414670583,3.71266179822495,-0.32249629910133953,7.245837204125723,-2.978822729444548
9,19,-8.053229677489643,0.220909537572867,3.8744551920943313,-0.3922541993444628,6.663542869424844,-3.2654540063668644
9,20,-7.965121532627935,0.2118794933804279,4.023310221520533,-0.468355390443774,6.10635798245164,-3.4579876930482945
9,21,-7.873627354262008,0.2010589578395149,4.1599487690940204,-0.548502915818992,5.605833836668936,-3.5423926743115217
9,22,-7.779023501529927,0.18836696048221252,4.28582707900674,-0.6300517169078729,5.186839285596618,-3.513457246393634
9,23,-7.681540461511685,0.1737841247128652,4.402907692280308,-0.7102757920015905,4.8647979682261235,-3.3768129046975064
9,24,-7.581365541429518,0.15735797560126474,4.513440070970683,-0.786700516904338,4.64391320656311,-3.1492354890161462
9,25,-7.478631802909597,0.13919318665416636,4.619697671769947,-0.8573500221307183,4.516592371184758,-2.8559395574024706
9,26,-7.373423222337012,0.11943640807399422,4.7236776955033255,-0.9209330163587245,4.465029970728244,-2.5255551878274054
9,27,-7.265778027796937,0.09825535672787065,4.826892742796372,-0.9768452928671217,4.464780854310663,-2.1844581131988847
9,28,-7.1557093992206875,0.0758270523719141,4.9302493779845715,-1.0250740423066962,4.489135481876116,-1.851812365178031
9,29,-7.043214429300041,0.05232333122052993,5.034054092627019,-1.0659541983287233,4.513831549863726,-1.5377087255406345
9,30,-6.928287862352825,0.02790602574633804,5.1381136239258645,-1.0999388699706028,4.520176975384523,-1.2436651264614071
9,31,-6.810934754632436,0.0027283666932549815,5.241890042475781,-1.1274269462951072,4.496891322209475,-0.9653862143508823
9,32,-6.691172651500348,-0.023064829868608527,5.344678352305718,-1.1486659722929606,4.439589042423731,-0.6960898354001691
9,33,-6.569034733091983,-0.04932875131411553,5.445739425502269,-1.163739671500219,4.349458576306748,-0.42948457293541115
9,34,-6.444570148379368,-0.07591929642173921,5.5444006447517165,-1.1726266050581926,4.230990634332907,-0.1613745412915944
9,35,-6.317841527205896,-0.10268937097176488,5.640106422991017,-1.1752514132620413,4.0904887708197375,0.11017815652363701
9,36,-6.188921395959532,-0.129490414515249,5.732445531124997,-1.1715288985934293,3.9346116818771284,0.3854768827594815
9,37,-6.057891291452504,-0.15617190240229556,5.821142530523853,-1.1613905253883305,3.769555851873656,0.6640556574125991
9,38,-5.924834951920278,-0.18258151369681172,5.906046968931679,-1.1447713148659238,3.6004421096800208,0.9452122568336856
9,39,-5.789841536715367,-0.2085676775966555,5.987112973819592,-1.121632318093729,3.4307678425529855,1.228454375151192
9,40,-5.653000470040189,-0.23397649900164808,6.064352515266797,-1.0919274218457204,3.2620165584746013,1.5133476643346866
9,41,-5.514395680288765,-0.2586534182391616,6.137780962933659,-1.0556088288497434,3.093338312071181,1.7992306903222486
9,42,-5.37411814738007,-0.28244378796147374,6.207375618638897,-1.012665457812404,2.9216082483252253,2.0848881779682005
9,43,-5.232255899547633,-0.3051913227829404,6.273000432348503,-0.9631086346769047,2.741586266113907,2.368335297328764
9,44,-5.088904394711601,-0.32674104793818926,6.334382390859596,-0.9070171239412225,2.546497578403925,2.646898379293282
9,45,-4.944166058228702,-0.3469407567029035,6.391072563745146,-0.8445426858309022,2.328997451984967,2.9176811261092968
9,46,-4.798157329768464,-0.3656433089200023,6.442452873876553,-0.7759088447867121,2.082357897667649,3.17802129151836
9,47,-4.651011766269092,-0.38270748009545247,6.487767401857859,-0.7014098594229545,1.8017771545354095,3.42560180908579
9,48,-4.5028812501727336,-0.3980001883497694,6.526183655752902,-0.6213871307057514,1.4853096066331792,3.658212953119031
9,49,-4.353937819130108,-0.411398544143421,6.556876178131817,-0.5362343818819814,1.1343301811344615,3.8732381431605534
9,50,-4.2043705168210455,-0.42278651406919876,6.5790907467687365,-0.4464004623040957,0.7531203345834278,4.066917175668831
9,51,-4.054388477456948,-0.43207138390609245,6.592261003515761,-0.35244895726393943,0.34829287957472727,4.2347636789355825
9,52,-3.904204825803081,-0.4391574808832994,6.595927765677723,-0.2550025357901151,-0.07320220039092722,4.371562251925013
9,53,-3.7540445374935874,-0.44397544296995517,6.589838581198569,-0.15481137972265346,-0.5045496964842708,4.473053289662765
9,54,-3.6041331061070667,-0.4464707070718964,6.573864194371742,-0.05270194739508529,-0.9405136428647087,4.536874793210695
9,55,-3.454699393078781,-0.4466087417503378,6.547950140485429,0.05047286379469091,-1.3780392755567832,4.563679911980378
9,56,-3.3059720828711505,-0.44437302716856536,6.5120561559367545,0.15389784237892132,-1.8165154502789116,4.557349357683296
9,57,-3.1581827417216157,-0.4397651542737915,6.466099656258897,0.256858309281274,-2.2576294070582237,4.5243957118609455
9,58,-3.0115684214564205,-0.43280283545252146,6.409912850475434,0.3587872556632609,-2.70512300060317,4.472688049139125
9,59,-2.8663732756278826,-0.4235167281164774,6.343221720513915,0.4592723920776609,-3.1638244040359544,4.409130644948044
9,60,-2.722849655993915,-0.4119489235270306,6.265661158325391,0.5580325921864064,-3.6391752062575806,4.337327388968973
9,61,-2.5812636882799613,-0.3981451093681377,6.176760147890888,0.6548237893106129,-4.136252150035545,4.2554296464514785
9,62,-2.4418897900554173,-0.38216455371208347,6.076019148439147,0.7493072398082631,-4.659518128361423,4.154485002614012
9,63,-2.305011758471067,-0.3640740180202465,5.962907038036327,0.840915221976386,-5.212193816895884,4.018793769409526
9,64,-2.1709283370901717,-0.34395445672846486,5.8368287635836,0.9286707100624063,-5.795717660845038,3.826825822735125
9,65,-2.0399398840833367,-0.32191705414542215,5.697251599927534,1.0111123583337782,-6.4081843273207175,3.554992142159619
9,66,-1.9123588351116023,-0.2981068206719146,5.543690103367071,1.0862660731271303,-7.042505309982503,3.1815419793162105
9,67,-1.7885024222076438,-0.2727189377490823,5.375867203461165,1.1517162620724242,-7.683978167240643,2.6918772442532397
9,68,-1.6686899312007244,-0.24600301320171752,5.19388631514645,1.2048218282425966,-8.309357797098624,2.0826837047409685
9,69,-1.5532352468074075,-0.21826956451485055,4.998445508666463,1.2429872213686284,-8.886698876259846,1.3654952913603127
9,70,-1.4424204855160618,-0.1898822403152806,4.7910059963507985,1.2640495859771343,-9.37964064950126,0.567976308654925
9,71,-1.3364945431053734,-0.16124760097359894,4.573903870675266,1.2666144306061757,-9.751508100147609,-0.2667792195427967
9,72,-1.2356380994883815,-0.13279303869313738,4.350226228360441,1.2503870537980626,-9.972942090722073,-1.0835698633370852
9,73,-1.139956312326206,-0.10493903266248376,4.123616539768268,1.2164264609436195,-10.027794694928527,-1.820474368253727
9,74,-1.0494661675557146,-0.0780648754158276,3.8978406681636955,1.1672258728314913,-9.917171261413237,-2.416356027028971
9,75,-0.964105767826702,-0.05248131810212205,3.676409953042538,1.1065983568488038,-9.660315752986744,-2.818641598501837
9,76,-0.883732448322263,-0.028393196955162917,3.462124495222898,1.0394043302772018,-9.291602758258762,-2.9932117926824633
9,77,-0.8081650834616873,-0.005889415231972014,3.256866254012362,0.9710295094059254,-8.855316314656863,-2.9300755117081723
9,78,-0.737190259770771,0.015067861268595197,3.061450906485514,0.9067942857397128,-8.39944716159641,-2.6484484313326075
9,79,-0.6705928190320052,0.03463237038413813,2.8756752975601247,0.8512242146355952,-7.970178506130316,-2.196497939860223
9,80,-0.6081710773937657,0.05304904918349562,2.6984440770804228,0.8074285044009313,-7.606840709064807,-1.6466495528872176
9,81,-0.5497660221619761,0.07061153821942862,2.5280459440358016,0.7767063923206388,-7.339767871927458,-1.086001663170232
9,82,-0.49524716429559346,0.08762053117315523,2.3622752449997875,0.7582121155939893,-7.188205867425486,-0.6046586489145706
9,83,-0.4445366329592534,0.10433253621280657,2.1987496975571057,0.74919962618828,-7.159699055806748,-0.28191586864773205
9,84,-0.3976024925409245,0.12092106215705553,2.0351016014264656,0.7453196395132984,-7.247512327274703,-0.1745986237223103
9,85,-0.35445370334050075,0.1374473634867285,1.8692881182584145,0.7413096677034222,-7.431603920418202,-0.3082083665242052
9,86,-0.31513416022378776,0.15384722373191706,1.6997806266667024,0.7317433497917256,-7.6774141933492155,-0.6723203865290115
9,87,-0.2797067993965311,0.16993905196915907,1.525874781048431,0.7118531425324074,-7.937476073404196,-1.2221141428930984
9,88,-0.24823527640587173,0.18544793145758884,1.3479363598937666,0.6782375695593844,-8.154526163323316,-1.884028058685534
9,89,-0.2207656607299547,0.2000418689522489,1.1675425935450883,0.6293956762475759,-8.266682455643117,-2.566715659739191
9,90,-0.1972950547261694,0.21337997212025567,0.98746740675804,0.5659437065195333,-8.215009794920554,-3.1737801856057937
9,91,-0.17775119097143907,0.2251601679134981,0.8116218834605469,0.49061339566497675,-7.9525044283248745,-3.61841556603248
9,92,-0.16197418781617248,0.23516257258375428,0.6446805475074452,0.40780110328139796,-7.452347235870252,-3.8366267995445087
9,93,-0.14970107564331472,0.24328034361903197,0.49159836556132613,0.32299090464037283,-6.716450506277136,-3.7973322673042675
9,94,-0.1405684343088939,0.24953437629947886,0.3569624339092924,0.24190836170165103,-5.778950266331852,-3.5079236787679173
9,95,-0.13412709800943937,0.25406961974145736,0.24431249653782922,0.16967110052050904,-4.705226965818252,-3.0135290559030024
9,96,-0.1298721692493433,0.2571306161753689,0.15556165879145548,0.1100292674335661,-3.584870733032912,-2.389253294839371
9,97,-0.12727840284576364,0.25902478980569826,0.09056013213043353,0.06484315105086272,-2.518142909626915,-1.7266458177143151
9,98,-0.1258488400529233,0.26007843268638475,0.04707114803085979,0.03389921727221797,-1.5975162323551289,-1.1156547314744432
9,99,-0.12515639051003907,0.26058996251030664,0.021146075854845035,0.015201674723582217,-0.8886431701183978,-0.6257624256027682
9,100,-0.12487167366242045,0.26079893439490465,0.008883949468057326,0.0063098974967197435,-0.40101200939808945,-0.2820921903280255
12,0,-11.830880298013252,0.28744016423841035,1.6562426095114253,-0.08725664733013234,3.6410347354635793,-0.4377008545380791
12,1,-11.790789482969648,0.2853246985034028,1.7220662708683299,-0.09934788336126392,2.7406140410529027,-0.7211835766774604
12,2,-11.749088667466454,0.28282415977266434,1.7817093789665235,-0.11970622844799644,2.2413945990540136,-1.0279298204366187
12,3,-11.705952957780383,0.27974700336525643,1.8370751158588854,-0.1477787487149242,2.2132386097003347,-1.3263630063946488
12,4,-11.661304026335218,0.2758945885717249,1.899271885313791,-0.18306067998688966,2.6072520672312547,-1.578147197493797
12,5,-11.614797576332712,0.2710908606649243,1.9772217723649423,-0.22402693028106943,3.3163903980407388,-1.7508141527924002
12,6,-11.565919451450265,0.2652092334613041,2.076701632552871,-0.2683350961388221,4.203774274836167,-1.8238585452541125
12,7,-11.514061974309811,0.2581933517056641,2.2000190240932023,-0.31319300679998235,5.131404724041465,-1.7932490092088338
12,8,-11.458607417484135,0.25006732554781747,2.34639291563745,-0.35586800156658255,5.983067094152012,-1.6734546578967546
12,9,-11.398993891330663,0.24092761058716616,2.5126715818696077,-0.3942547327036528,6.676783882912525,-1.4961632564034932
12,10,-11.334756260859042,0.2309162541629497,2.694284633578197,-0.42731766012547573,7.170260938155709,-1.304331358273925
12,11,-11.265553159194301,0.22018827320628426,2.88615693418251,-0.4553434379067614,7.456186017595515,-1.1452010495530396
12,12,-11.19116143409206,0.2088661226507839,3.0833364258802107,-0.4799556652038035,7.552215249152414,-1.060071139613547
12,13,-11.111487074144613,0.19701053781805944,3.281573937587641,-0.5037918915358574,7.492097783464431,-1.0759764276925996
12,14,-11.02651965531902,0.18459424935824678,3.477399028686919,-0.5299724919879039,7.313662314288318,-1.1989575528421714
12,15,-10.93633591593768,0.17149719701509122,3.6682658410194,-0.5614219841452753,7.054050075071492,-1.4121702562421643
12,16,-10.841059850770906,0.15752542549801155,3.8523714131697413,-0.600304973624283,6.745131630486106,-1.680175364639707
12,17,-10.740875854379725,0.14243595666936174,4.028599939228222,-0.6475200535832263,6.413461639621339,-1.9557122411410888
12,18,-10.635975428415378,0.12598427054227782,4.196404738198036,-0.7026252071973058,6.080739942953232,-2.1917496144859836
12,19,-10.526584394518402,0.1079540195938488,4.355776037433531,-0.7638936040282697,5.766565482640319,-2.3500063503874165
12,20,-10.412919077732308,0.08819155353852093,4.507185046876761,-0.8287797864485063,5.4864989223359535,-2.408676536157171
12,21,-10.2951823827815,0.06661879288802983,4.651562858351399,-0.8943961748643879,5.251947221611017,-2.3643453754295054
12,22,-10.17355568658072,0.04324383683103956,4.790154852244905,-0.95799757956376,5.067002781998737,-2.230250222793355
12,23,-10.048184297266625,0.01814065780777979,4.9242574329509585,-1.0173608266514733,4.92848707110037,-2.0293777919127494
12,24,-9.91917526614079,-0.008562553812470178,5.055052621246336,-1.0709699072517322,4.825827984038492,-1.7873978672901503
12,25,-9.78660288926331,-0.03670329006775979,5.1834162689168695,-1.1179644436037497,4.745020740366299,-1.5268978197431686
12,26,-9.650527772731635,-0.0660981483922897,5.309778954095746,-1.1580122147883516,4.672222679010185,-1.2636151001449574
12,27,-9.511003064132487,-0.09655970083318052,5.434244808780739,-1.1911433346800275,4.596982003872854,-1.0068467340312708
12,28,-9.368075200593841,-0.1279035885084046,5.556687638405499,-1.217599805165282,4.513994604956483,-0.7613240265338115
12,29,-9.221798064735253,-0.15995300305760282,5.676896908635453,-1.237752036203034,4.42251550533821,-0.5287150111292769
12,30,-9.072234661165808,-0.1925461214642285,5.794721908458741,-1.2520216303086906,4.323920657079892,-0.3079764394944333
12,31,-8.919442466642812,-0.22553548573659168,5.910072957976074,-1.2607473053458067,4.219467446699014,-0.09504807649173341
12,32,-8.763481420070141,-0.25878292936685215,6.022850588143841,-1.2640530232745646,4.107852136108679,0.11569267427497884
12,33,-8.604409938490866,-0.2921486028439673,6.132840197525951,-1.2618423730020751,3.9847461604082377,0.32888088888918615
12,34,-8.442300225268417,-0.32548103838045167,6.239571768086086,-1.2538655464497515,3.8451575574956394,0.5456230632266684
12,35,-8.27724248206462,-0.3586174328146411,6.342388071015087,-1.23991877667564,3.687044056124727,0.7631728093750494
12,36,-8.109353361022617,-0.3913862415265839,6.440631935169557,-1.2199865069230282,3.5138078944910585,0.9766355574118541
12,37,-7.9387735840377704,-0.4236197062364534,6.533854092363931,-1.1942548483325475,3.332614454531363,1.1827357149551443
12,38,-7.765654542996441,-0.45515878667167764,6.621925720159109,-1.163007332728802,3.149736625283326,1.3819839597039096
12,39,-7.590145662613246,-0.48585699306131813,6.704927960429065,-1.1264295597335223,2.9672568251966296,1.5787727468257298
12,40,-7.41239070475942,-0.5155688948105293,6.782956641513939,-1.0845108225449858,2.7824143775035606,1.7781418628720704
12,41,-7.2325237498890145,-0.544144866098614,6.85596979891077,-1.0370637562775415,2.58968704172092,1.981783435211451
12,42,-7.050688501499473,-0.5714265711788041,6.923724178836472,-0.9839573063461091,2.383018496456412,2.1863778017156363
12,43,-6.867032484211526,-0.5972522086835605,6.985777375022404,-0.9252263333567171,2.158140017193789,2.385992637260891
12,44,-6.681716589552167,-0.6214628282522265,7.041592776207311,-0.8610986316219946,1.9140750592573783,2.575567259045187
12,45,-6.494919037351686,-0.6439107954636881,7.09067411550423,-0.791910590463162,1.6528756715720672,2.752412008913432
12,46,-6.3068304552607195,-0.6644565858408196,7.132623715823194,-0.7180303173677766,1.3773206922369463,2.9152258017812898
12,47,-6.117647450049436,-0.6829713589776741,7.167114105869489,-0.639843557010012,1.0887918603757245,3.0632172405686995
12,48,-5.927578138181562,-0.6993383158665328,7.193795924374471,-0.5577685155998537,0.7861977332785348,3.195621981597353
12,49,-5.736839881916433,-0.7134521686305382,7.212200747654073,-0.47226818674439675,0.4668667301461684,3.3118519822907695
12,50,-5.545668930195474,-0.7252260076633766,7.221744504231756,-0.3838335567361031,0.12893843910948577,3.4118073474222057
12,51,-5.3543242895777166,-0.7345785118943534,7.221761591141294,-0.29292119279253664,-0.22605113986467637,3.497115707796313
12,52,-5.163083535234494,-0.7414568821880647,7.211802797328116,-0.19992138854724575,-0.5921387896212826,3.5708270129404465
12,53,-4.972235513338655,-0.7458064550266773,7.191645866582567,-0.10507720538487811,-0.961308829850391,3.6361571007796565
12,54,-4.782071033286988,-0.7475787566555137,7.161333939308352,-0.008539914251242165,-1.3270818251509566,3.6945622288285502
12,55,-4.592872265081193,-0.746726949402836,7.121047359127036,0.0895169019148803,-1.686954569930294,3.7446265474938247
12,56,-4.404918210382158,-0.743209688105539,7.070918345738099,0.18881479348921482,-2.0418563925392643,3.782598396606881
12,57,-4.218484694627011,-0.7369990044747394,7.011030263728846,0.2888922983278203,-2.393339351777823,3.8040325975756697
12,58,-4.033849926402794,-0.7280820263292057,6.941454211026998,0.38918140486535774,-2.741826532056947,3.8052812335878485
12,59,-3.8512869598985073,-0.7164679863622114,6.86235956654168,0.48905321526132967,-3.08688601954955,3.7844966170080396
12,60,-3.671057343568168,-0.702183681490064,6.7739872290492436,0.5878943686478985,-3.428483096654799,3.7405040961665974
12,61,-3.4934142040477845,-0.6852668894633372,6.67658710427152,0.6851142098579958,-3.7679060423376094,3.6715904108590416
12,62,-3.3185969856594184,-0.665777365313496,6.570393123556805,0.7800726444268908,-4.107418176453557,3.5755435340985264
12,63,-3.1468302617814006,-0.6437843692006243,6.455533607308681,0.8720935653012781,-4.450694014756257,3.4499117119939577
12,64,-2.9783361740272216,-0.6193777210633507,6.331982409127321,0.9604338502446129,-4.803299183160324,3.292412552157573
12,65,-2.813337618016838,-0.5926628075897353,6.199452073660982,1.044276893760624,-5.173380104659405,3.1004425209814412
12,66,-2.652067625537653,-0.5637717000877116,6.057262095661516,1.122716710167103,-5.569597621266003,2.8713504052896806
12,67,-2.4947955684367167,-0.5328586701261356,5.904341488007174,1.1947019438070736,-5.9967057945744076,2.60182183379845
12,68,-2.341835007175454,-0.5001150789793986,5.7395064040274795,1.2590349196198347,-6.448827113083919,2.289937038738006
12,69,-2.193545518345365,-0.46576785419073574,5.561932068458712,1.3144497986309673,-6.9074129509595945,1.9359487139375395
12,70,-2.0503037400985336,-0.43008428374749597,5.371698317003959,1.3597546877099935,-7.342047907741081,1.5431365567670385
12,71,-1.912466832832909,-0.3933645742132558,5.170048140520545,1.393927801400055,-7.717843234804908,1.1171159700696298
12,72,-1.7803230395491392,-0.3559311556449043,4.959341417148858,1.41618543767477,-8.0034616833665,0.6657768440765885
12,73,-1.6540697583444837,-0.31811844981006265,4.742724385008218,1.4260317633646131,-8.17791193339617,0.19884940604523496
12,74,-1.5337909861183006,-0.2802693045541968,4.523615949947813,1.42323673688886,-8.234412298859477,-0.2700382041744604
12,75,-1.419471751460709,-0.2427237749634289,4.305179513655805,1.4079620015361707,-8.181523322286628,-0.7228528042979123
12,76,-1.3110255144154912,-0.2058138842637893,4.089914405386221,1.3808393217668544,-8.040344278191611,-1.1369168513834684
12,77,-1.2083233401609859,-0.16984958462856034,3.879467823157531,1.3431463772278367,-7.837609918783532,-1.4867479164420696
12,78,-1.1112177299511197,-0.13509814571012574,3.6746996612976015,1.296862930769398,-7.600388667417443,-1.748255119256819
12,79,-1.0195581650742425,-0.10176508244227486,3.47597395882883,1.2446586428159028,-7.353298356513933,-1.904790571548624
12,80,-0.9331954937452221,-0.06997689072329435,3.2832648346963005,1.1895209046027386,-7.1187121717153445,-1.952864108579718
12,81,-0.8519854813609938,-0.03977501584651323,3.09622221416503,1.1343583421349537,-6.917049524619734,-1.9053732178105502
12,82,-0.7757791123447463,-0.011121076320849481,2.9140836250086823,1.0815354449131553,-6.7664309758241945,-1.791535231288983
12,83,-0.7044429204264102,0.01607594334950603,2.735667000424795,1.0324956075373557,-6.683058771852284,-1.652639549617999
12,84,-0.6378764955698919,0.04193194162042601,2.5594871243371857,0.9875306945059059,-6.677102423423154,-1.5361615885154662
12,85,-0.5760074581736705,0.06656497516168501,2.3838304225044187,0.9456762164079003,-6.752938652614236,-1.4898236126591105
12,86,-0.5188136110110989,0.09005257962633792,2.2070118913646293,0.9047692009996678,-6.907507749103001,-1.5521596427931597
12,87,-0.4662945928869132,0.11240943195834242,2.02759889148633,0.8618249350700826,-7.132053079541358,-1.7429264481728075
12,88,-0.4184826773013523,0.13356675919376718,1.8444272956344272,0.8134773141597339,-7.409585506640975,-2.056363597094747
12,89,-0.3754213693119509,0.15336911309716814,1.6567667251359963,0.7568494570695972,-7.713585588857083,-2.4590730347467127
12,90,-0.3371580861404534,0.17159239906734092,1.4644466211586038,0.6901742570211592,-8.002493993021888,-2.893320812129368
12,91,-0.3037324002248607,0.18798851912322972,1.268164645159663,0.6133817999812963,-8.216754217093339,-3.2886122824861945
12,92,-0.2751658041049011,0.20232667597275,1.069961365049232,0.5282501999192961,-8.280942812560477,-3.574147652530378
12,93,-0.2514249946800761,0.2144426925448017,0.8736401474239128,0.438203147540372,-8.115155237846562,-3.692030644556945
12,94,-0.23238702852656654,0.2242745378636088,0.684819010413771,0.34779563368289057,-7.654690147586355,-3.608281869565879
12,95,-0.2177874794646013,0.23188161113412553,0.5105017844098219,0.26210018413446157,-6.874344671177718,-3.3194565069412034
12,96,-0.20719461173177062,0.23744669224524914,0.3579410633721546,0.18581363359320183,-5.808648307712888,-2.8555502218244824
12,97,-0.20001177633980363,0.2412566778508325,0.23303901217027387,0.1225438215538785,-4.557178232244577,-2.2765339101918234
12,98,-0.1955254784871501,0.24366668196948013,0.13881008536258413,0.07416760752494823,-3.2692039855091504,-1.6619864333350305
12,99,-0.1929834475530797,0.24505471092182365,0.0743712513756072,0.040523272076092194,-2.1067101345340538,-1.0943137103093492
12,100,-0.19169746839238422,0.24577134596026495,0.0393661058231788,0.021916572423394037,-1.1771471027317888,-0.6289857277384109
